Title,Abstract,Selected
How do software startups approach experimentation? Empirical results from a qualitative interview study,"Software startups often make assumptions about the problems and customers they are addressing as well as the market and the solutions they are developing. Testing the right assumptions early is a means to mitigate risks. Approaches such as Lean Startup foster this kind of testing by applying experimentation as part of a constant build-measure-learn feedback loop. The existing research on how software startups approach experimentation is very limited. In this study, we focus on understanding how software startups approach experimentation and identify challenges and advantages with respect to conducting experiments. To achieve this, we conducted a qualitative interview study. The initial results show that startups often spent a disproportionate amount of time focusing on creating solutions without testing critical assumptions. Main reasons are the lack of awareness, that these assumptions can be tested early and a lack of knowledge and support on how to identify, prioritize and test these assumptions. However, startups understand the need for testing risky assumptions and are open to conducting experiments. © Springer International Publishing AG 2017.",Yes
Lean Internal Startups for Software Product Innovation in Large Companies: Enablers and Inhibitors,,Yes
Developing a conversational agent with a globally distributed team: An experience report,"In this experience report, we discuss the development of a solution that enables conflict-affected youth to discover and access relevant learning content. A team of individuals from a not-for-profit, a large multi-national technology company, and an academic institution, collaborated to develop that solution as a conversational agent named Hakeem. We provide a brief motivation and product description before outlining our design and development process including forming a distributed virtual team, engaging in user-centred design with conflict-affected youth in Lebanon, and using a minimum viable product approach while adapting Scrum for distributed development. We end this report with a reflection on the lessons learned thus far. © 2020 ACM.",Yes
Optimization of financial technology (fintech) with lean UX development methods in helping technical vocational education and training financial management,"The effectiveness and optimization of financial services is one of the things that happens when there is financial technology or fintech. Various fintech services have a strategy to attract customers. One of the strategies is to offer promos to potential customers or early customers. Promos given to customers will provide maximum benefits when they use accurate type of promo on a promo provided by fintech services. Knowledge of various fintech services and a lot of promo information will provide an effective alternative for customers to use promos. For this reason, applications or software have been developed to provide information on various e-money and e-wallet services and promos. The method used is Lean UX which consists of 4 stages namely declare assumpts, Develop MVP, run experiments, feedback and user research. The result obtained on this research is a mobile androide application that can display fintech and promo information. Lean UX development is done with 2 iterations and produces features that are validly needed by the user but still need development in terms of User Experience. © Published under licence by IOP Publishing Ltd.",Yes
Does the Lean Inception Methodology Contribute to the Software Project Initiation Phase?,"This work aims to make a comparative analysis of the Lean Inception methodology and the Scrum methodology applied in the initiation phase of the embedded software project that consists of a small greenhouse for the indoor cultivation of sage, controlled by a cell phone application. The Lean Inception methodology is a combination of Lean Startup and Design Thinking that, at the end of the process, quickly obtains the Minimum Viable Product (MVP). Some of the questions explored in this paper were how much the Lean Inception methodology interferes in the agility of the production of MVP, how much it influences in the quality of the final product and depicting advantages in using this methodology in the project initiation phase. © 2020, Springer Nature Switzerland AG.",Yes
Startup ecosystem effect on minimum viable product development in software startups,"Context: Software startups develop innovative products through which they scale their business rapidly, and thus, provide value to the economy, including job generation. However, most startups fail within two years of their launch because of a poor problem-solution fit and negligence of the learning process during minimum viable product (MVP) development. An ideal startup ecosystem can assist in MVP development by providing the necessary entrepreneurial education and technical skills to founding team members for identifying problem-solution fit for their product idea, allowing them to find the right product-market fit. However, existing knowledge on the effect of the startup ecosystem elements on the MVP development is limited. Objective: The empirical study presented in this article aims to identify the effect of the six ecosystem elements (entrepreneurs, technology, market, support factors, finance, and human capital) on MVP development. Method: We conducted a study with 13 software startups and five supporting organizations (accelerators, incubator, co-working space, and investment firm) in the startup ecosystem of the city of Oulu in Finland. Data were collected through semi-structured interviews, observation, and materials. Results: The study results showed that internal sources are most common for identifying requirements for the product idea for MVP development. The findings indicate that supporting factors, such as incubators and accelerators, can influence MVP development by providing young founders with the necessary entrepreneurship skills and education needed to create the right product-market fit. Conclusions: We conclude from this study of a regional startup ecosystem that the MVP development process is most affected by founding team members’ experiences and skill sets and by advanced technologies. Furthermore, a constructive startup ecosystem around software startups can boost up the creation of an effective MVP to test product ideas and find a product-market fit. © 2019 Elsevier B.V.",Yes
Implementing Communications and Information Dissemination Technologies for First Responders,"Despite technological advances in voice communications for disaster response, firefighter fatalities continue. This highlights the inadequacies of current communication between incident commanders and those in the fireground. Through its Major Fires Investigation Project, the United States Fire Administration (USFA) repeatedly cites inadequate communication systems as a contributing factor in first responder, rescue worker, and civilian casualties. Hence, emergency Response Communication and Information Technology must be improved. Santa Clara University's Frugal Innovation Hub (FIH) has undertaken the development of a minimum viable product (MVP) that includes a novel set of mobile applications and mobile hardware devices suitable for firefighters during emergency responses. This work is an evolution of earlier research conducted by principals of IncidentAid, P.B.C. While the long-term vision for IncidentAid has been to provide software and services that cover the entire lifecyle of disaster management, one of it's immediate efforts have been to improve communications and information solutions that reach the individual first responder. FIH's prototype is an effort towards the actualization of this IncidentAid's immediate effort. © 2019 IEEE.",Yes
Implement a Lean UX Model: Integrating Students' Academic Monitoring through a mobile app,"This study explores how a Lean method collaborates with the UX characteristics to implement a single sign on application for the 'Y Generation' age group to monitor their daily academic life. With a personalized mobile application, students will be able to monitor their academic and/or nonacademic activities that scheduled every day. Lean UX will support the development phase by creating a minimum viable product (MVP) fast as possible during several steps or iterations. The UI / UX experiment results generated through two iterations with Think Aloud Interview Testing and Software Usability Testing. The results obtained are used to represent the user acceptance during User Experience testing with increasing SUS score to 72.85 and decreasing average time completion, which indicates an increasing point of cognitive process of the users as 80% while interacting with the application. © 2019 IEEE.",Yes
A Lean Start-up approach for developing minimum viable products in an established company,"The minimum viable product (MVP) is a fundamental concept of the Lean Start-up approach as it enables a company to quickly start the learning process by integrating feedback from early adopters. Although the MVP concept has evolved over the years, its application is most often reported in a start-up context, even though established companies struggle to develop MVPs. This study reports on the experience and lessons learned at Texuna, an established company, where the software product innovation team created a process map for developing MVPs. This is the first study that allows the original MVP approach to be extended and applied to established organisations. © 2019, © 2019 Informa UK Limited, trading as Taylor & Francis Group.",Yes
Collaborative practices for software requirements gathering in software startups,"Capturing requirements during the software development process has always been a challenge. Usually, there is a customer with a defined problem or a problem to be explored. However, when we talk about software startups, the requirements gathering process changes. The entrepreneurs need to systematically work with hypotheses and experimentations, and test them as quickly as possible, trying to understand whether these assumptions can become requirements for a system or not. In this context, entrepreneurship training programs, specially for technical students, help these entrepreneurs to understand this new way of gathering systems requirements. This paper describes how some of these practices were performed in a program for new entrepreneurs that took place in a science and technology park. Our preliminary results indicate that several collaborative practices can foster the understanding of the software requirement process for software startups. © 2019 IEEE.",Yes
Monitoring system for emergency service in a hospital environment,"The hospital emergency service remains the first choice for the vast majority of patients. The large influx of hospital emergency services, combined with the lack of health professionals, often makes the patients susceptible to excessive waiting times. As a result, their health condition may worse after triage, until they are observed by a doctor. In the developed prototype, a bracelet is placed on the patient's wrist, which reads their vital signs, accompanied by a mobile phone with an Android application, designed to send the collected vital signs data, as well as patient's location, periodically, to a server. There is a database, with the information of all patients under care and, through a dashboard, the interface is made with the health professionals. Such interface alerts the professional whenever a situation is considered critical. The prototype was positively evaluated by the usability tests carried out and could be considered a Minimum Viable Product in the business perspective. © ENBENG 2019. All Rights Reserved.",Yes
MVP development process for software startups,"This paper presents a proposal of a Minimal Viable Development Process for Software Startups that can be used during the MVP development process. Defining a methodology is a major challenge for startups because they are creative, flexible, and reluctant to include bureaucratic measures in their day-to-day procedures that may disrupt their natural attributes. Thus, to make the process simple, we defined it in 3 main phases: requirements gathering, software development, and market validation. © Springer Nature Switzerland AG 2019.",Yes
Optimization of mobile applications through a feedback-based quality assurance approach,,Yes
Product innovation with scrum: A longitudinal case study,"This paper describes the innovation processes used in a partnership between a company that provides asset integrity and maintenance management consulting services in the energy sector and a university. The challenge faced by the company is to make their in-house expertise more readily available to a worldwide audience. A longitudinal embedded case study has been used to investigate how installable desktop software applications have been redesigned to create a new set of cloud hosted software services. The innovation team adapted an agile scrum process to include exploratory prototyping and manage the geographical distribution of the team members. A minimum viable product was developed that integrated functional elements of previous software tools into an end-to-end data collection, analysis and visualisation product called AimHi which uses a cloud-hosted web services approach. The paper illustrates how the scrum software development method was tailored for a product innovation context. Extended periods of evaluation and reflection (field trials), prototyping and requirement refinement were combined with periods of incremental feature development using sprints. The AimHi product emerged from a technology transfer and innovation project that has successfully reconciled conflicting demands from customers, universities, partner companies and project staff members. © 2017 Infonomics Society.",Yes
From MVPs to pivots: A hypothesis-driven journey of two software startups,"Software startups have emerged as an interesting multiper-spective research area. Inspired by Lean Startup, a startup journey can be viewed as a series of experiments that validate a set of business hypotheses an entrepreneurial team make explicitly or inexplicitly about their startup. It is little known about how startups evolve through business hypothesis testing. This study proposes a novel approach to look at the startup evolution as a Minimum Viable Product (MVP) creating process. We identified relationships among business hypotheses and MVPs via ethnography and post-mortem analysis in two software startups. We observe that the relationship between hypotheses and MVPs is incomplete and non-linear in these two startups. We also find that entrepreneurs do learn from testing their hypotheses. However, there are hypotheses not tested by MVPs and vice versa, MVPs not related to any business hypothesis. The approach we proposed visualizes the flow of entrepreneurial knowledge across pivots via MVPs. © 2018, Springer Nature Switzerland AG.",Yes
An automated feedback-based approach to support mobile app development,"The acceptance of mobile applications is highly dependent on the realized set of features and on the quality of the application. Information about their acceptance can be gained quickly by collecting and analyzing user feedback such as explicit textual reviews provided by an application's users or implicitly provided usage data. With an approach based on developing a minimal set of functions in order to realize a minimum viable product (MVP), it is possible to put a product on the market within a short amount of time. Currently, the elicitation, analysis, and processing of user feedback is unfocused and takes too much time and effort to mitigate the poor quality of the application. Hence, we outline an approach named Opti4Apps, which is aimed at tailored quality assurance as part of MVP development and enables and expands the benefits of an MVP by providing a semiautomated feedback elicitation, analysis, and processing framework. This is intended to raise the effectiveness and efficiency of early user feedback consideration during further development in order to assure the quality and acceptance of an app as an MVP. We will present the overall structure as well as the process behind the Opti4Apps framework. As proof-ofconcept, we implemented an initial prototype of our idea, focused on textual user feedback. © 2017 IEEE.",Yes
Enabling focused software quality assurance in agile software development processes for mobile applications using text and usage mining methods,"The acceptance of mobile applications that support services, such as navigation guidance or travel management, is highly dependent on the set of features implemented and the application quality. Information about the acceptance can be gained quickly by collecting user feedback like explicit textual reviews given by the application users or their implicitly given usage data. Considering an approach that bases on developing a minimal set of functions in order to realize a minimal viable product (MVP), it is possible to place a product with a short time to market. In this paper the Opti4Apps approach is presented. It aims at a focused quality assurance as part of the MVP development, which enables and expands the benefits of MVP by providing a semi-automated feedback elicitation, analysis and processing framework. The Opti4Apps process adjusts to mobile development habits including an additional automated feedback and usage data processing infrastructure. Copyright c 2017 by SCITEPRESS – Science and Technology Publications, Lda. All rights reserved.",Yes
Rapid lean UX development through user feedback revelation,"The development of software within short timeframes calls for concepts like minimum viable products with lean development. An agile development setting allows software products to be put on the market in time. Nevertheless, quality, especially in terms of user requirements, suffers when the focus is on the speed of the development. Therefore, we have developed the approach Opti4Apps, which considers user feedback automatically. This automation enables rapid user feedback to be revealed, which is needed for lean development in order to achieve high software quality in accordance with the users’ needs. This paper shows how the approach can be applied smoothly in agile development settings by analyzing common agile practices with regard to our user-centric feedback approach Opti4Apps. It turned out that with most practices, the additional effort is low, and the positive influence can be highly beneficial. © Springer International Publishing AG 2017.",Yes
"Building a digital tool for the adoption of the world health organization's antenatal care recommendations: Methodological intersection of evidence, clinical logic, and digital technology","Background: One of the key mandates of the World Health Organization (WHO) is to develop guidelines, defined as ""a document containing recommendations for clinical practice or public health policy.""Guidelines represent the global standard for information sources shaping clinical practice and public health policies. Despite the rigorous development process and the value of guidelines for setting standards, implementing such standards within local contexts and at the point of care is a well-documented challenge. Digital technologies enable agile information management and may facilitate the adaptation of guidelines to diverse settings of health services delivery. Objective: The objective of this paper is to detail the systematic and iterative process involved in transforming the WHO Antenatal Care (ANC) guidelines into a digital decision-support and patient-record application for routine use in primary health care settings, known as the WHO digital ANC module. Methods: The WHO convened a team of clinical and digital health experts to develop the WHO digital ANC module as a tool to assist health care professionals in the implementation of WHO evidence-based recommendations for pregnant women. The WHO digital ANC module's creation included the following steps: defining a minimum viable product (MVP), developing clinical workflows and algorithms, algorithm testing, developing a data dictionary, and the creation of a user interface or application development. The overall process of development took approximately 1 year to reach a stable prototype and to finalize the underlying content requirements of the data dictionary and decision support algorithms. Results: The first output is a reference software reflecting the generic WHO ANC guideline content, known as the WHO digital ANC module. Within it, all actionable ANC recommendations have related data fields and algorithms to confirm whether the associated task was performed. WHO recommendations that are not carried out by the health care worker are saved as pending tasks on a woman's health record, and those that are adequately fulfilled trigger messages with positive reinforcement. The second output consists of the structured documentation of the different components which contributed to the development of the WHO digital ANC module, such as the data dictionary and clinical decision support workflows. Conclusions: This is a novel approach to facilitate the adoption and adaptation of recommendations through digital systems at the health service delivery level. It is expected that the WHO digital ANC module will support the implementation of evidence-based practices and provide information for monitoring and surveillance; however, further evidence is needed to understand how the WHO digital ANC module impacts the implementation of WHO recommendations. Further, the module's implementation will inform the WHO's ongoing efforts to create a pathway to adaptive and integrated (Smart) Guidelines in Digital Systems to improve health system quality, coverage, and accountability. © Samira M Haddad, Renato T Souza, Jose Guilherme Cecatti, Maria Barreix, Tigest Tamrat, Carolyn Footitt, Garrett L Mehl, Inraini F Syah, Anuraj H Shankar, Özge Tunçalp.",Yes
What influences the speed of prototyping? An empirical investigation of twenty software startups,"It is essential for startups to quickly experiment business ideas by building tangible prototypes and collecting user feedback on them. As prototyping is an inevitable part of learning for early stage software startups, how fast startups can learn depends on how fast they can prototype. Despite of the importance, there is a lack of research about prototyping in software startups. In this study, we aimed at understanding what are factors influencing different types of prototyping activities. We conducted a multiple case study on twenty European software startups. The results are two folds; firstly we propose a prototype-centric learning model in early stage software startups. Secondly, we identify factors occur as barriers but also facilitators for prototyping in early stage software startups. The factors are grouped into (1) artifacts, (2) team competence, (3) collaboration, (4) customer and (5) process dimensions. To speed up a startup’s progress at the early stage, it is important to incorporate the learning objective into a well-defined collaborative approach of prototyping. © The Author(s) 2017.",Yes
Towards Automated Capturing and Processing of User Feedback for Optimizing Mobile Apps,"Mobile devices are nowadays ubiquitous and are heavily used for business and private purposes. Millions of apps exist that support users in multiple ways, e.g., for car navigation, fitness purposes, or messaging in our private lives, but also for business planning purposes and even for controlling whole business processes. Failures in mobile business apps can lead to dramatic consequences in terms of lost revenue, but also in terms of lost trust or even threats for human beings, and thus quality plays a crucial role. On the other hand, as software is nowadays one of the main drivers for innovation, fast delivery of new apps, respectively new functionality, is necessary, i.e., the time to market must often be short. However, in order to understand whether the quality is sufficient, and whether the functionality of the app serves the needs of the users, lean development approaches are emerging and propose the deployment of apps as a minimal viable product (MVP). Here, the app is provided with acceptable quality, but not with every feature, just with the main functionality. Based on such an MVP, early feedback from users is to be collected, which may be related to the quality of the app, but also include wishes and requests for new functionality. In order to analyze and draw conclusions from user feedback, we first have to understand what kind of feedback exists and how it can be interpreted, respectively how valid such feedback is. In this publication, we provide a classification of user feedback for mobile apps, derive feedback channels, and sketch how this can be used in a continuous process to improve mobile apps. © 2017 The Authors. Published by Elsevier B.V.",Yes
Minimum viable product or multiple facet product? The role of MVP in software startups,"Minimum viable product (MVP) is the main focus of both business and product development activities in software startups. We empirically explored five early stage software startups to understand how MVP are used in early stages. Data was collected from interviews, observation and documents. We looked at the MVP usage from two angles, software prototyping and boundary spanning theory. We found that roles of MVPs in startups were not fully aware by entrepreneurs. Besides supporting validated learning, MVPs are used to facilitate product design, to bridge communication gaps and to facilitate cost-effective product development activities. Entrepreneurs should consider a systematic approach to fully explore the value of MVP, as a multiple facet product (MFP). The work also implies several research directions about prototyping practices and patterns in software startups. © The Author(s) 2016.",Yes
Three patterns for user involvement in startups,"Creating products in software startups consists of a great deal of uncertainty combined with little resources. Rapid validation of created solutions with the potential customers is essential to startups. However, often startups lack people with skills needed for the validation. We present three patterns that help in involving users to gain meaningful feedback and learning. First, the feedback has to be gotten from the right people and the right questions have to be asked. Furthermore, if the feedback is collected with a prototype, often called a Minimum Viable Product, users should be able to give feedback of the actual idea, not to any roughness caused by the immaturity and the prototypishness of the product.",Yes
Creating minimum viable products in industry-academia collaborations,"Customer value determines how products and services succeed in the marketplace. Early assessment of customer value is important for software startups, spin-off companies, and new product development in existing companies. Software technology often influences customer value and typically defines the main competitive advantage in both entrepreneurial and intrapreneurial settings. Value-related feedback from real customers is needed during software development and maintenance, and decision-making should be increasingly based on empirical evidence acquired through experiments. Getting such value-related feedback usually requires a so-called minimum viable product (MVP), i.e., an artefact that may be incomplete in functionality or quality, but displays characteristics that allows determining its customer value. In this article we report on a case study which used industry-academia collaboration for creating such an MVP. Our goal was to identify strengths and weaknesses of such an approach to creating MVPs while providing practical recommendations for improvement. The process followed in the case study was found to be very suitable for creating MVPs, reducing company-specific risks when testing customer-value, and advancing university education. © Springer-Verlag Berlin Heidelberg 2013.",Yes
The benefits of interdisciplinary scenario-building for hybrid radio applications,"In this paper, we make the case for building interdisciplinary scenarios, integrating technological, business and user perspective during the fuzzy front-end of innovation. We start from a living lab framework, underpinning the iterative process to integrate insights from all three perspectives within research projects. Then, we explain how the approach was applied within the HRADIO project1. This EU funded project focuses on the development of hybrid radio applications. We demonstrate how the process of building interdisciplinary scenarios and the involvement of multiple perspectives to evaluate these scenarios, has enabled both strategic decision making (1) and improved the technical development process within the HRADIO project (2). The first focuses on the (lack of) interest in certain scenarios from a business, technology and/or user perspective, to explain: (a) how these thresholds can be overcome and (b) what the consequences are for the project. The latter explains how we moved from interdisciplinary scenarios to a first Minimum Viable Product (MVP) that could be tested in the first pilot phase, to prototypes to be tested in the second pilot phase. To validate the importance of the scenarios, we also explain how the scenarios are integrated into the exploitation timeline. Finally, and importantly, we address how the process of multidisciplinary scenario building and evaluation can be improved. © 2020 Elsevier Ltd",Yes
Developing high-value technology for first responders,,Yes
Continuous Improvement and Validation with Customer Touchpoint Model in Software Development,,Yes
Brazilian Startups and the Current Software Engineering Challenges:The Case of Tecnopuc,,Yes
Hybrid Labels Are the New Measure!,,Yes
Development of an app for the dental care of Deaf people: Odontoseñas,"Background: Most Deaf people are often illiterate and communicate via sign language, hindering their dental care, causing high levels of oral morbidity and feelings of unfairness by the dental staff. Objective: To achieve effective communication between the dentist and the Deaf patient using an app. Materials and methods: Focus group were conducted by a team comprising dentists, Chilean Sign Language (ChSL) interpreters, Deaf people and a software programmer to identify the most prevalent and important phrases used during dental care. A Minimum Viable Product App including draft videos in SL were developed and evaluated by external teams through in-office simulations and surveys. Evaluation by Deaf people and dentists was carried out using the Dental Visit Satisfaction Scale and System Usability Scale, respectively. Improvements were made in each cycle, until reaching agreement for a final (release) version. Results: Thirteen ChSL videos were recorded and incorporated in the App Odontoseñas. The overall usability of the software scored 96 points over 100. The overall satisfaction of Deaf people without the software was 21, and with the software was 29 over 30. Conclusions: Odontoseñas gives relevant information about dental care, facilitating diagnosis, treatment and improving oral health care experience for the Deaf patient. © 2018, Springer-Verlag GmbH Germany, part of Springer Nature.",Yes
Predicting the Vector Impact of Change-An Industrial Case Study at Brightsquid,"Background: Understanding and controlling the impact of change decides about the success or failure of evolving products. The problem magnifies for start-ups operating with limited resources. Their usual focus is on Minimum Viable Product (MVP's) providing specialized functionality, thus have little expense available for handling changes. Aims: Change Impact Analysis (CIA) refers to the identification of source code files impacted when implementing a change request. We extend this question to predict not only affected files, but also the effort needed for implementing the change, and the duration necessary for that. Method: This study evaluates the performance of three textual similarity techniques for CIA based on Bag of words in combination with either topic modeling or file coupling. Results: The approaches are applied on data from two industrial projects. The data comes as part of an industrial collaboration project with Brightsquid, a Canadian start-up company specializing in secure communication solutions. Performance analysis shows that combining textual similarity with file coupling improves impact prediction, resulting in Recall of 67%. Effort and duration can be predicted with 84% and 72% accuracy using textual similarity only. Conclusions: The relative effort invested into CIA for predicting impacted files can be reduced by extending its applicability to multiple dimensions which include impacted files, effort, and duration. © 2017 IEEE.",Yes
An analysis of the bluetooth terminal development pivots from lean startup perspective: experience and lessons learnt,,Yes
Lean R&D: An Agile Research and Development Approach for Digital Transformation,"Petrobras is a large publicly-held company that operates in the oil,
gas and energy industry. Recently, they conducted internal dynamics to identify
several Digital Transformation (DT) opportunities to leverage their operational

excellence. Addressing such opportunities typically requires Research and De-
velopment (R&D) uncertainties that could lead traditional R&D cooperation

terms to be negotiated in years. However, there are time-to-market constraints
for fast-paced deliveries to experiment solution options. With this in mind, they
partnered up with PUC-Rio to establish a new DT initiative. The goal of this
paper is to present the Lean R&D approach, tailored within this new initiative,

and results of two case studies regarding its application in practice. We de-
signed Lean R&D integrating the following building blocks: (i) Lean Incep-
tions, to allow stakeholders to jointly outline a Minimal Viable Product (MVP);

(ii) early parallel technical feasibility assessment and conception phases, allow-
ing to ‘fail fast’; (iii) scrum-based development management; and (iv) strategi-
cally aligned continuous experimentation to test business hypotheses. In the two

reported case studies, Lean R&D enabled addressing research-related uncertain-
ties early and to efficiently deliver valuable MVPs within four months, showing

itself suitable for supporting the DT initiative. Key success factors were the
business strategy alignment, the defined roles and co-creation philosophy with
strong integration between Petrobras and PUC-Rio’s teams, and continuous

support of a highly qualified research team. Main opportunities for improve-
ment, based on our lessons learned, rely on better adapting Lean Inceptions to

the DT context and on scaling the approach to a project portfolio level of ab-
straction.",Yes